{
  "test_accuracy": 0.9988483823370641,
  "test_precision": 0.9988501832143815,
  "test_recall": 0.9988483823370641,
  "test_f1_score": 0.9988492103386494,
  "classification_report": {
    "\u043f\u0435\u0440\u0438\u043e\u0434\u0438\u0447\u0435\u0441\u043a\u0438\u0435": {
      "precision": 0.9876543209876543,
      "recall": 0.9876543209876543,
      "f1-score": 0.9876543209876543,
      "support": 1296.0
    },
    "\u043f\u043e\u0441\u0442\u043e\u044f\u043d\u043d\u044b\u0435": {
      "precision": 0.9495798319327731,
      "recall": 0.9576271186440678,
      "f1-score": 0.9535864978902954,
      "support": 118.0
    },
    "\u0440\u0435\u0434\u043a\u0438\u0435": {
      "precision": 0.999620809949947,
      "recall": 0.9995829067607023,
      "f1-score": 0.9996018579960185,
      "support": 26373.0
    },
    "accuracy": 0.9988483823370641,
    "macro avg": {
      "precision": 0.9789516542901248,
      "recall": 0.9816214487974748,
      "f1-score": 0.9802808922913226,
      "support": 27787.0
    },
    "weighted avg": {
      "precision": 0.9988501832143815,
      "recall": 0.9988483823370641,
      "f1-score": 0.9988492103386494,
      "support": 27787.0
    }
  }
}